coll_id,coll_name
10194,Toy Story Collection
119050,Grumpy Old Men Collection
96871,Father of the Bride Collection
645,James Bond Collection
117693,Balto Collection
3167,Ace Ventura Collection
91698,Chili Palmer Collection
9435,Babe Collection
9818,Mortal Kombat Collection
136214,Pocahontas Collection
124935,The Lawnmower Man Collection
43563,Friday Collection
10924,From Dusk Till Dawn Collection
122017,Screamers Collection
256377,The Muppet Collection
91430,The Neverending Story Collection
14890,Bad Boys Collection
120794,Batman Collection
439053,Brooklyn Cigar Store Collection
8819,Casper Collection
9649,Mexico Trilogy
1570,Die Hard Collection
259398,Teenage Apocalypse Trilogy
9328,Free Willy Collection
286162,Power Rangers Collection
328073,Síť (kolekce)
9068,The Prophecy Collection
247294,Showgirls Collection
9887,Species Collection
112399,Under Siege Collection
23170,Burnt by the Sun Trilogy
123800,Before... Collection
182813,Clerks Collection
96665,Dumb and Dumber Collection
410261,A Goofy Movie Collection
217704,The Vampire Chronicles
10,Star Wars Collection
286948,Nemesis Collection
300546,Once were Warriors Collection
48188,Poison Ivy Collection
131,Three Colors Collection
144200,Swan Princess Series
53159,The Santa Clause Collection
115142,Tales from the Crypt Collection
115570,Star Trek: The Next Generation Collection
192492,The Jack Ryan Collection
9436,The Crow Collection
351684,The Flintstones (Live-Action) Collection
94032,The Lion King Collection
8581,A Nightmare on Elm Street Collection
43072,The Mask Collection
37139,Naked Gun Collection
167985,Richie Rich Collection
43064,Speed Collection
170452,Timecop Collection
261203,Street Fighter
439409,Fear Collection
8050,Highlander Collection
11716,Addams Family Collection
162028,Stakeout Collection
85861,Beverly Hills Cop Collection
150156,City Slickers Collection
252313,The Endless Summer Collection
134011,The Fugitive / U.S. Marshals Collection
412680,Hard Target Collection
52988,Hot Shots! Collection
159600,House Party Collection
328,Jurassic Park Collection
8580,The Karate Kid Collection
5547,RoboCop Collection
462565,The Secret Garden Collection
105075,The Shadow Collection
422837,Blade Runner Collection
224478,The Brady Bunch Collection
9888,Home Alone Collection
86027,Aladdin Collection
528,The Terminator Collection
9743,The Hannibal Lecter Anthology
153010,Beauty and the Beast Collection
98580,Candyman Collection
43058,Homeward Bound Collection
141086,Heavy Metal Collection
8917,Hellraiser Collection
140910,All Dogs Go to Heaven Collection
87359,Mission: Impossible Collection
169452,DragonHeart Collection
36694,Bloodsport Collection
158391,The Apu Collection
144146,Lemmy Caution Collection
143766,The Substitute Collection
52888,The Visitors Collection
23026,Ghost in the Shell Collection
529,Wallace & Gromit Collection
116661,The Arrival Collection
303969,"Martin Scorsese’s World Cinema Project, Vol. 1"
424202,Trainspotting Collection
304378,Independence Day Collection
97456,The Hunchback of Notre Dame Collection
86028,The Nutty Professor Collection
115838,Escape From ... Collection
230,The Godfather Collection
269098,Police Story Collection
19163,The Land Before Time Collection
91361,Halloween Collection
4438,The Space Odyssey Series
47814,The Thin Man Collection
261590,Living Dead Collection
242765,In the Line of Duty Collection
10709,The Mighty Ducks Collection
87232,The Apple Dumpling Gang Collection
181496,Davy Crockett Collection
90348,Witch Mountain Collection
12087,Herbie Collection
216395,Parent Trap Collection
294519,The Shaggy Dog Collection
55419,Cinderella Collection
271668,Caballeros Collection
100970,The Fox and the Hound Collection
355490,Freeway Collection
86058,Dirty Dancing Collection
118221,Weekend at Bernie's Collection
86336,Basic Instinct Collection
115225,Children of the Corn Collection
937,The Pink Panther (Original) Collection
174218,The Howling Collection
39460,The Water of the Hills Collection
153948,Best of the Best Collection
33071,Cheech & Chong Collection
84,Indiana Jones Collection
8091,Alien Collection
48317,The Man With No Name Collection
1960,Evil Dead Collection
119674,Psycho Collection
112636,The Blues Brothers Collection
330605,The Sting Collection
359005,The Jake Gittes Collection
264,Back to the Future Collection
55427,Fantasia Collection
173344,Qatsi Collection
397842,The Amityville Horror Collection
422193,The Blob Collection
218406,Frankenstein (Universal Series)
257053,Carrie Collection
10919,The Omen Collection
498,Heart of Gold Collection
307637,Jingle All the Way Collection
105629,Paradise Lost Collection
124916,101 Dalmatians (Live-Action) Collection
151,Star Trek: The Original Series Collection
9329,Young Guns Collection
86083,Grease Collection
2366,The Jaws Collection
2602,Scream Collection
166379,Turbulence Collection
393564,McHale's Navy Collection
108693,National Lampoon's Vacation Collection
86224,The Saint Collection
207952,Barrytown Trilogy
105995,Anaconda Collection
1006,Austin Powers Collection
174407,Warriors of Virtue Collection
331475,Shiloh Collection
182923,Tetsuo Collection
86055,Men In Black Collection
43055,Conan the Barbarian Collection
126221,George of the Jungle Collection
97445,Air Bud Collection
10721,Mimic Collection
142680,Alex Cross Collection
135489,Wishmaster Collection
3601,I Know What You Did Last Summer Collection
103372,Mr. Bean Collection
10522,Starship Troopers Collection
372479,Les Boys
351886,The Postman Collection
71458,3 Ninjas Collection
33059,Wild Things Collection
350402,Barney Collection
221966,The Odd Couple Collection
97771,Major League Collection
378453,Henry Fool Collection
87236,Mulan Collection
19387,The X-Files Collection
3169,Dr. Dolittle Collection
945,Lethal Weapon Collection
155474,French Connection Collection
1575,Rocky Collection
9735,Friday the 13th Collection
123255,Prom Night Collection
10455,Child's Play Collection
10453,Poltergeist Collection
12263,The Exorcist Collection
89151,The Gremlins Collection
1657,Zorro Collection
372257,The Poseidon Adventure Collection
294468,Flubber Collection
87250,Bambi Collection
297143,Dexter Riley Collection
72119,"Honey, I Shrunk the Kids Collection"
97459,The Jungle Book Collection
97460,Lady and the Tramp Collection
33085,The Little Mermaid Collection
100693,101 Dalmatians (Animated) Collection
55422,Peter Pan Collection
57971,The Rescuers Collection
248126,Splash Collection
63043,TRON Collection
141290,The Lord of the Rings Animated Collection
263193,Charlotte's Web Collection
141292,The Secret Of NIMH Collection
8783,Fievel Collection
102782,House Collection
87805,The Gods Must Be Crazy Collection
143755,Henry: Portrait of a Serial Killer Collection
264338,Rosemary's Baby Collection
47983,Killer Tomatoes! Collection
735,Blade Collection
432,Cube Collection
90863,Rush Hour Collection
52760,Urban Legend
479888,The Thing Collection
348843,Vampires Collection
100286,Elizabeth Collection
374384,Stepford Collection
57129,Rugrats Collection
374509,Godzilla (Showa) Collection
374511,Godzilla (Heisei) Collection
135495,King Kong (1933 series)
135498,King Kong (1976 series)
104833,Fletch Collection
9338,Police Academy Collection
5039,Rambo Collection
89264,Romancing the Stone Collection
86307,Cocoon Collection
340623,The Gate Collection
123213,The Fly (1958 series)
109609,The Fly Collection
111751,Texas Chainsaw Massacre Collection
9332,Crocodile Dundee Collection
387219,The Hustler Collection
387618,8MM Collection
10789,Pet Sematary Collection
33938,Airport Collection
124934,Alligator Collection
166698,Westworld Collection
1709,Planet of the Apes Original Collection
110127,Analyze Collection
52789,Cruel Intentions Collection
2344,The Matrix Collection
1733,The Mummy Collection
205860,The Black Mask Collection
221544,The Mummy (Universal Series)
138965,The Mummy (Hammer Series)
8537,Superman Collection
221539,Dracula (Universal Series)
259027,The Wolf Man (Universal Series)
123720,Frankenstein (Hammer Series)
281644,Rocky Horror Collection
87228,Swamp Thing Collection
106768,Tarzan (Animation) Collection
2806,American Pie Collection
104068,Tales of the Four Seasons
64750,Blair Witch Collection
97768,Lake Placid Collection
2980,Ghostbusters Collection
237445,Inspector Gadget Collection
185682,The Adventures of Antoine Doinel
135502,Allan Quatermain Collection
91663,Airplane Collection
180854,Problem Child Collection
201873,A Christmas Story Collection
10713,Universal Soldier Collection
123251,Iron Eagle Collection
189295,The Spiders Serial
143757,Stir of Echoes Collection
98168,Fright Night Collection
146136,Armour of God Collection
47770,Phantasm Collection
12203,Drunken Master Collection
124492,The Dirty Dozen Collection
59586,The Blue Lagoon collection
380822,Penitenciaría - Colección
122947,Omega Code Series
381396,Bats Collection
243598,The Best Man Collection
89188,Harry Palmer Collection
391047,On Any Sunday Collection
248339,House on Haunted Hill Collection
98036,Re-Animator Collection
107725,Creepshow Collection
212279,Piranha Collection
398740,Mister Roberts Collection
48037,Meatballs Collection
34055,Pokémon Collection
95051,The Up Series
95664,Deuce Bigalow Collection
135509,The Last Picture Show Collection
321063,The Sinbad Collection
99727,Stuart Little Collection
421904,Batman (DC Universe Animated) Collection
103573,Sister Act Collection
8979,Wayne's World Collection
110179,The Cutting Edge Collection
338282,Single White Female Collection
87186,The Boondock Saints Collection
327598,"To Sir, with Love Collection"
2794,The Chronicles of Riddick Collection
103577,The Whole Nine/Ten Yards Collection
93568,Cross of Iron Collection
124950,American Graffiti Collection
8864,Final Destination Collection
14377,Death Wish Collection
1582,Teenage Mutant Ninja Turtles (Original) Collection
8647,The Skulls Collection
366826,Navarone Collection
338327,Beach Party Collection
170754,Arthur Collection
466318,Bachelor Party Collection
399,Predator Collection
86105,American Psycho Collection
159616,East is East Collection
104847,Caddyshack Collection
256484,Carnosaur Collection
175858,Hidden Collection
127280,The Three Mothers Collection
342009,Die Nibelungen Filmreihe
246839,Center Stage Collection
179244,Pee-wee's Collection
96679,Road Trip Collection
59567,Shanghai Noon Collection
44979,Big Momma's House Collection
123726,Quatermass (Hammer series)
107949,Puppet Master Collection
424830,The Benji Collection
157671,The Decline of Western Civilization Collection
10456,Dirty Harry Collection
109592,Porky's Collection
263866,Nuke 'Em High Collection
32135,The Toxic Avenger Collection
174245,Alien Nation Collection
8945,Mad Max Collection
121195,9½ Weeks Collection
207447,Firestarter Collection
495,Shaft Collection
171439,F/X Collection
46512,Missing in Action Collection
173628,Nekromantik Collection
4246,Scary Movie Collection
748,X-Men Collection
166376,Hollow Man Collection
123256,Pumpkinhead Collection
47391,Sleepaway Camp Collection
123249,"Ilsa, She Wolf of the SS Collection"
223564,The Cell Collection
374512,Godzilla (Millennium) Collection
25410,The Art of War Collection
430186,Bring It On Collection
8412,Anatomy Collection
221537,Creature From The Black Lagoon (Universal Series)
259401,The Invisible Man (Universal Series)
138971,The Slumber Party Massacre Collection
138974,The Sorority House Massacre Collection
39244,Digimon Collection
51509,Meet the Parents Collection
240690,Billy Jack Collection
44913,Ghoulies Collection
86029,Charlie's Angels Collection
290973,"Crouching Tiger, Hidden Dragon Collection"
106498,Dungeons & Dragons Collection
52783,Wall Street Collection
178117,The Emperor's New Groove Collection
93220,Miss Congeniality Collection
115822,Dracula 2000 Collection
312735,Annie Collection
107469,Save The Last Dance Collection
141282,The Brave Little Toaster Collection
330555,Ernest Collection
109076,Lost Boys Collection
124951,Mannequin Collection
109082,Left Behind Collection
287016,Wong Kar-Wai's Informal Collection
421084,Disneys Große Pause
366444,Demetrius Filmreihe
116847,Dr. Phibes Collection
48190,Revenge of the Nerds Collection
257571,C.H.U.D. Collection
86486,Spy Kids Collection
8936,Bridget Jones Collection
353325,Joe Dirt Collection
2150,Shrek Collection
441439,Alienation Trilogy
110021,The Magnificent Seven Collection
100965,Atlantis Collection
2467,Tomb Raider Collection
9485,The Fast and the Furious Collection
3963,The Crimson Rivers Collection
87014,Cats & Dogs Collection
421566,Totò Collection
101688,Cannonball Run Collection
427956,Dr Goldfoot Collection
140760,Final Fantasy Collection
86024,Legally Blonde Collection
10893,Critters Collection
182617,Elvira Collection
101471,Return of the Living Dead Collection
89272,The Man From Snowy River Collection
86347,Short Circuit Collection
126220,The Waxwork Collection
91945,American Ninja Collection
91746,Bill & Ted's Most Excellent Collection
98853,Cyborg Collection
351230,Dream a Little Dream Collection
186102,Eddie and the Cruisers Collection
88735,K-9 Collection
105322,Kickboxer Collection
9521,Look Who's Talking Collection
87631,The Musketeers Collection
224976,Road House Collection
138706,The Stepfather Collection
87536,Warlock Collection
104716,Basket Case Collection
107674,The Princess Diaries Collection
239968,La cage aux folles
168182,Philo & Clyde Collection
94899,Jeepers Creepers Collection
383632,A Man Called Horse Collection
352789,Zoolander Collection
166378,Joy Ride Collection
41649,The Party Collection
178106,Darko Collection
137696,"Monsters, Inc. Collection"
276838,When a Stranger Calls Collection
1241,Harry Potter Collection
449750,Fanny Brice Collection
106000,Beastmaster Collection
284024,The Exterminator Collection
211753,Caprona Collection
98513,Behind Enemy Lines Collection
304,Ocean's Collection
119,The Lord of the Rings Collection
476056,Fritz the Cat Collection
395591,Sex and Zen Collection
93295,48 Hrs. Collection
87214,The Sandlot Collection
449462,Super Troopers Collection
262011,Sleuth Collection
124879,State Property Collection
215326,The Bad New Bears Collection
460292,The Lone Ranger (Clayton Moore) Collection
122952,Vampire Hunter D Collection
19160,FernGully Collection
133923,Zombi Collection
108669,Get Smart Collection
221308,"Oh, God! Collection"
8354,Ice Age Collection
17255,Resident Evil Collection
456980,The Paleface Collection
135441,Road to Collection
87220,Smokey and the Bandit Collection
112537,Sällskapsresorna
43220,National Lampoon’s Van Wilder Collection
261526,Slap Shot Collection
389767,My Big Fat Greek Wedding Collection
256729,War Trilogy
406817,Horror High Collection
107688,3 Men Collection
116669,The Scorpion King Collection
5202,Wild Orchid Collection
556,Spider-Man Collection
178654,White Fang Collection
31562,The Bourne Collection
86860,Scooby-Doo Collection
97461,Lilo & Stitch Collection
363014,Like Mike Collection
167456,Our Man Flint Collection
113635,The Modesty Blaise Collection
52785,xXx Collection
356437,Living Trilogy
115839,Blue Crush Collection
117777,Undisputed Collection
363966,Care Bears Collection
135501,976-EVIL Collection
176097,Barbershop Collection
9518,The Transporter Collection
267922,The Hills Have Eyes (Original) Collection
277739,"Heaven, Hell and Purgatory Collection"
123724,Dracula (Hammer Series)
386818,Django - Original films
14563,The Ring Collection
288280,Saturday Night Fever Collection
457305,Man of Marble/Iron Collection
373538,Enter the Ninja Collection
97237,Faces of Death Collection
169329,Göta kanal collection
295862,The BRD Collection
264437,My Bloody Valentine Collection
17178,Jackass Collection
43063,Half Past Dead Collection
148517,"Pagnol, Childhood's Memories"
88574,Scanners Collection
218293,Brother Collection
12075,Elling Collection
296429,I Spit on Your Grave (Original) Collection
374386,Anglo-Zulu War Collection
140126,Vabank (Collection)
63170,Jönsson Gang
164397,Class of 1999 Collection
423877,Turkish Star Wars
85960,My Girl Collection
104842,Blue Collar Comedy Tour Collection
227147,Tokyo Decadence series
10517,Le Gendarme de St. Tropez Collection
315750,They Call Me Bruce Collection
137766,Zapped Collection
195441,Dennis the Menace Collection
405393,The Black Stallion Collection
375886,Willard
354210,Born Free Trilogy
93369,Ringu Collection
261057,I Am Curious Collection
100992,The Flicka Collection
8385,Aki Kaurismäki's Finland trilogy
105625,House of 1000 Corpses Collection
228887,Daddy Day Camp Collection
92222,Breakin' Collection
431417,Nevada Smith Collection
239766,The Klapisch Trilogy
124949,Almighty Collection
137697,Finding Nemo Collection
52985,Wrong Turn Collection
1565,28 Days/Weeks Later Collection
295,Pirates of the Caribbean Collection
86117,Johnny English Collection
194752,Trilogie
289531,Gator Collection
221111,S.W.A.T. Collection
91427,Agent Cody Banks Collection
91799,Tremors Collection
7505,Elements Trilogy
330892,Sides of the Bed
201576,The Cabin Fever Collection
10457,Once Upon a Time in China Collection
2326,Underworld Collection
409138,Yossi Collection
201778,Dorm Daze Collection
187736,Leningrad Cowboys Collection
168880,Beethoven Collection
11794,Ginger Snaps Collection
117927,House of the Dead Collection
2883,Kill Bill Collection
425175,Texas Chainsaw (Reboot) Collection
96472,Brother Bear Collection
264335,The Eye Collection
478628,Sherlock Holmes (1939 series)
423173,Bad Santa Collection
45154,Darkman Collection
208765,Europa Trilogy
151263,WarGames Collection
397444,Kindergarten Cop Collection
16302,Battle Royale Collection
43066,Teen Wolf Collection
19285,Leprechaun Collection (Original Series)
144689,Honey Collection
114783,Cheaper by the Dozen Collection
245129,Pumping Iron Collection
157890,The Matt Helm Collection
52749,The Butterfly Effect Collection
353721,You Got Served Collection
158373,The Lost Skeleton Collection
201930,Blacula Collection
1952,USA: Land of Opportunities Collection
17235,Hellboy Collection
86334,The Prince & Me Collection
299748,Walking Tall Collection
99606,Mean Girls Collection
109608,Van Helsing Collection
205977,The Kingdom
404111,100 Girls Collection
10441,Babylon 5 Collection
126166,The Delta Force Collection
272673,Cat People Collection
159340,Bang Rajan Collection
14246,Sniper Collection
478442,Lammbock Collection
122945,The Legend Collection
123740,Vampire Karnstein (Hammer series)
308153,The Cheerleaders - Collection
48829,The Streetfighter Collection
145494,The Gidget Collection
286935,Silence of God Trilogy by Ingmar Bergman
185667,The Complete Monterey Pop Festival
58588,Infernal Affairs Collection
349889,Robot Jox Collection
434533,Death Race Original Collection
434270,Lew Harper Collection
95891,In China They Eat Dogs Collection
289288,Per Fly trilogien (Samling)
192532,Dead or Alive Collection
11140,Dr. Mabuse Collection
145901,Lupin the Third Collection
448468,Grey Gardens Collection
86115,Garfield Collection
475802,Super Size Me Collection
85473,The Human Condition
476054,The Hitcher (1986) Collection
145784,The Philadelphia Experiment - Collezione
211721,Taxi Collection
280539,Lassie (Kinofilme)
93791,Anchorman Collection
437451,Cinderella Story Collection
138163,Trylogia Sienkiewicza
306882,Thunderbirds (Animation) Collection
171586,PTU Collection
30663,Harold & Kumar Collection
115762,AVP Collection
146534,Without a Paddle Collection
374418,The Mangler Collection
136218,Night of the Demons Collection
168186,Witchboard Collection
256297,It's Alive Collection
1974,The Grudge Collection
656,Saw Collection
468222,The Incredibles Collection
52984,National Treasure Collection
275402,SpongeBob Collection
208602,That's Entertainment Collection
48802,I Love a Mystery movie series
438087,Topper Collection
158365,Why We Fight
426985,Ivan The Terrible Collection
84923,The Orphic Trilogy
135508,Allan Quatermain (1950 series)
12077,St. Trinian's Collection
102452,Samurai Collection
94039,Asterix and Obelix (Animation) Collection
161766,Gamera Films
212525,Trinità  Collection
308465,The Emigrants Collection
105764,The Tall Blond Man Collection
102128,Lone Wolf and Cub Collection
409026,Nobody Collection
157504,Walking Tall Original Collection
39438,Emmanuelle Collection
391040,Gone in 60 Seconds Trilogy
211860,Mountain Family Robinson Collection
405256,Dolemite Collection
107473,Ирония судьбы (Коллекция)
334563,The Sister Street Fighter Collection
294834,Vixens Collection
188458,Trilogy of Terror Collection
255702,The Rutles Collection
52835,French Fried Vacation
14095,Barefoot Gen Collection
133830,Star Wars: The Ewok Adventures Collection
256296,"Silent Night, Deadly Night Collection"
94035,Anne of Green Gables Collection
284111,Barbarian Queen Collection
430201,Demons Collection
155421,Mr. Vampire Collection
74083,Flodder Collection
99635,A Better Tomorrow Collection
160468,The Frogtown Collection
324149,Koker Trilogy
9046,A Chinese Ghost Story Collection
98435,Patlabor Collection
476066,Begotten Collection
361140,House of Angels Collection
151861,Lonesome Dove Collection
192167,The Bride with White Hair Collection
86341,Fortress Collection
278467,Trilogía de la violencia de Michael Haneke
309259,Naked Collection
473943,Gonin collection
190435,Street Fighter Collection
203178,Jack Frost Collection
137913,The Hunters Collection
203910,Pusher Collection
362047,Bikini Summer Collection
142717,The Cremaster Cycle
108043,Hamilton Collection
2248,Torrente Collection
344936,Unna Trilogie
149191,Lady Snowblood Collection
404770,Superman (DC Universe Animated) Collection
96850,Evangelion Collection
338416,Kirikou
107462,Osobennosti Natsionalnoy ... - Collection
268014,The Big Bottom Box
164394,If These Walls Could Talk Collection
206072,Running Out Of Time Collection
426370,The Wog Boy Collection
103190,The Female Prisoner Series
379475,Batman Beyond Collection
2396,Asterix and Obelix Collection
473850,My Sassy Girl Collection
118657,Annika Bengtzon Collection
101676,My Wife is a Gangster Collection
386495,Fubar Collection
4563,The Vengeance Collection
308645,The Foreigner Collection
24726,Johan Falk Collection
279836,Herr Lehmann Filmreihe
1972,Ju-on Collection
377545,Samurai Trilogy
192541,The Twins Effect Collection
371950,Dark Woods Collection
126580,One Missed Call Collection
53154,Inuyasha Collection
94589,Ong Bak Collection
306063,Saints and Soldiers Collection
86113,Open Water Collection
475520,The Yes Men Collection
107461,Bummer Collection
101246,Azumi Collection
476065,What the Bleep! Collection
102777,White Noise Collection
191023,The Yakuza Papers Collection
251858,Brancaleone Collection
87800,Appleseed Collection
11875,Pippi Longstocking
413937,Father Flanagan Collection
275873,Dr. Who Collection
176118,The Are We Collection
149704,Alone in the Dark Collection
96937,The Boogeyman Collection
437628,Constantine Collection
3106,World of Watches Collection
384920,"No Retreat, No Surrender Collection"
169851,The ChubbChubbs Collection
108170,The Blind Dead Collection
101646,Vares Collection
385721,Zu Warriors Collection
135179,Sin City Collection
167691,Trilogy of Life
97919,The Love Comes Softly Collection
96887,Zatôichi: The Blind Swordsman
441443,Ukraine Trilogy
14740,Madagascar Collection
17368,The Sisterhood of the Traveling Pants Collection
263,The Dark Knight Collection
150954,My Friends Collection
9744,Fantastic Four Collection
131780,Whispering Corridors Collection
332357,The Dukes Of Hazzard Collection
220448,Mr. Wong Collection
93731,Waiting Collection
152544,Green Street Hooligans Collection
174386,Into the Blue Collection
110177,Goal! Collection
206921,Star Wreck Collection
298820,American Pie (Spin-off) Collection
65249,Tarzan (Johnny Weissmuller series)
285564,Jarhead Collection
268098,Wolf Creek Collection
87258,The Descent Collection
321061,The Wild Geese Collection
420,The Chronicles of Narnia Collection
378268,Havoc Collection
117952,The Dentist Collection
107471,Yamakasi - Collection
85946,District 13 Collection
97307,BloodRayne Collection
86578,Hostel Collection
87255,Hoodwinked! Collection
189159,Project A Collection
148324,Uuno Turhapuro
35792,Nanny McPhee Collection
157626,The Comedians Of Comedy Collection
130440,The Pink Panther (Steve Martin) Collection
123218,Troll Collection
55428,Curious George Collection
124188,Pulse Collection
159613,Election Collection
286904,Ultimate Avengers Collection
8918,The Hills Have Eyes (Reboot) Collection
64748,Silent Hill Collection
251970,The Protector Collection
158038,Die Nibelungen Collection
115776,Robert Langdon Collection
87118,Cars Collection
296872,See No Evil Collection
87253,High School Musical Collection
351721,The Sheriff and the Satellite Kid Collection
246091,Krrish Collection
85943,Night at the Museum Collection
64751,Crank Collection
86092,Step Up Collection
417491,Bon Cop Bad Cop Collection
156240,The Heroic Trio Collection
44917,Swordsman Collection
66761,Open Season Collection
166373,The Marine Collection
98430,Feast Collection
261382,Clint Eastwood's Iwo Jima Collection
266846,Corto Maltese
92012,Happy Feet Collection
91588,OSS 117 Collection
297371,Reeker Collection
123717,She Collection
102008,Another Gay Movie Collection
123438,Loose Change Collection
141084,Happily N'Ever After Collection
160727,Stomp the Yard Collection
85817,Arthur and the Invisibles Collection
11582,Don Camillo Collection
96680,Smokin' Aces Collection
164395,The Messengers Collection
376970,Cocaine Cowboys
436982,SPL Collection
101385,Trailer Park Boys Collection
90306,Ghost Rider Collection
159603,Kidulthood Collection
108125,The 36th Chamber of Shaolin Collection
187089,Emil i Lönneberga
285130,2001 Maniacs Collection
269190,The Ultimate Collection
125570,300 Collection
86112,Vacancy Collection
375228,The Condemned Collection
254636,Maniac Cop Collection
376863,This is England Collection
85890,The Librarian Collection
325798,Star Crash Collection
436295,Surf's Up Collection
339577,Grindhouse Collection
8650,Transformers Collection
86797,Arn collection
369380,If I Were You Collection
2704,The Bible Collection
442352,Brice Collection
126209,Halloween (Rob Zombie Series) Collection
138908,2 Days In... Collection
353754,Trilogía Sollima
45355,Kevin Smith: Silent Bob Speaks!
91660,30 Days of Night Collection
143588,Why Did I Get Married Collection
119581,Elite Squad Collection
140758,Decoys Collection
464270,The Man from Earth Collection
390096,Hitman Collection
167613,Alvin and the Chipmunks Collection
13800,Futurama Collection
113679,Design Trilogy
472781,Inoshika Ocho series
264339,The Hamiltons Collection
215456,Keinohrhasen Filmreihe
91697,Battlestar Galactica (Reboot) Collection
74508,[REC] Collection
122922,In the Name of the King Collection
124901,Hatchet Collection
286177,Footsoldier Collection
96682,Zeitgeist Collection
238419,Anders Matthesen
96676,Never Back Down Collection
385720,Zebraman Collection
232844,Nim's Island Collection
124881,Street Kings Collection
108804,Outpost Collection
131292,Iron Man Collection
135483,Taken Collection
44215,Stargate SG-1 Collection
50457,Sex and the City Collection
77816,Kung Fu Panda Collection
314917,Flesh Gordon Collection
462400,Wanted - Collection
369005,Ten Minutes Older... (Collection)
25542,An American Girl Collection
363015,Frosty the Snowman Collection
458558,Mamma Mia! Collection
76291,Simon Brenner Collection
72547,Journey Collection
102019,Death Note Collection
118828,Space Chimps Collection
108502,The Discworld Collection
96677,Red Cliff Collection
86116,Death Race Collection
105324,Mirrors Collection
3292,Tulse Luper
266731,Cat Stevens y Hutch Bessy Trilogy
321065,The Sabata Collection
141615,Niko - Coleccion
123932,Quarantine Collection
476063,Guinea Pig Collection
192174,Crows Collection
148055,Camp Rock Collection
87256,Beverly Hills Chihuahua Collection
158376,Hanzo the Razor Collection
124930,King of the Zombies Collection
33514,The Twilight Collection
280562,The Guyver Collection
86774,Che Collection
201061,War of the Worlds Collection
230532,Marley & Me Collection
59235,Jesse Stone Collection
70068,Ip Man Collection
251383,The Gamers Collection
85945,The Mesrine Collection
195646,Galaxy Express 999 Collection
328372,Mall Cop Collection
96661,Afro Samurai Collection
47627,Trancers Collection
156152,La Trilogie Marseillaise
169740,The Haunting in Connecticut Collection
477050,Takashi Miike's Young Thugs series
24761,The Millennium Collection
110041,Naked Fear Collection
286006,Rest Stop Collection
183256,Kiler Collection
457550,Sugata Sanshirō Collection
265782,The Desert Collection
453993,The Wolverine Collection
115575,Star Trek: Alternate Reality Collection
413661,Charlie Chan (Sidney Toler) Collection
10964,Flatfoot Collection
240156,Sami Swoi Collection
140612,Fullmetal Alchemist Collection
86119,The Hangover Collection
165743,Ranma Collection
261240,U Pana Boga Collection
286038,Dead Snow Collection
373918,Garfield (Animation) Collection
75014,How I Unleashed World War II
26863,Caprinos Eventyrlige Verden
350836,Dark Planet Collection
165369,The Collector Collection
135468,G.I. Joe (Live-Action) Collection
221622,12 Rounds Collection
353708,Kill Buljo Collection
210303,Rebuild of Evangelion
190135,Love Hina Collection
404148,Olympia
109044,Shadow Warriors
37261,The Carry On Collection
141448,Fuga de cerebros - Collection
158643,Laid to Rest Collection
177467,Cloudy with a Chance of Meatballs Collection
41437,Paranormal Activity Collection
378025,Die Fritz Lang Indien-Edition
368982,MVP
282246,Mickey's Upon a Christmas Collection
175722,The Gorky Collection
87096,Avatar Collection
102322,Sherlock Holmes Collection
209739,MacGyver (TV Movies) Collection
244242,Ninja Collection
264481,Mega Shark Collection
242587,Rudolph the Red-Nosed Reindeer Collection
38451,Charlie Chan (Warner Oland) Collection
454520,Captain Harlock Collection
475511,Steal This Film Collection
179919,Percy Jackson Collection
222634,Tooth Fairy Collection
261307,Alice in Wonderland Collection
86668,Elektra Luxx Collection
379920,Deadly Prey Collection
380006,Mondo Cane Collection
46082,Ma and Pa Kettle Collection
313576,Hot Tub Time Machine Collection
89137,How to Train Your Dragon Collection
458017,Tom and Jerry Collection
86780,Clash of the Titans Collection
179892,Kick-Ass Collection
97156,Varg Veum Collection
86110,Diary of a Wimpy Kid Collection
314042,Onomichi Trilogy
168618,The Moment After Collection
142182,Bananas!* Collection
211075,Panda! Go Panda! Collección
96671,The Human Centipede Collection
119234,Stray Cat Rock Collection
12141,3 Men (Original) Collection
435347,男はつらいよ シリーズ
264434,Demonic Toys Collection
429234,Trilogia Zé do Caixão
463068,Täällä Pohjantähden alla (Timo Koivusalo)
283417,Rampage Collection
33878,Destricted
86066,Despicable Me Collection
180546,Grown Ups Collection
303872,Little Nicholas Collection
126125,The Expendables Collection
104830,Piranha 3D Collection
294172,Tekken Collection
257899,The President's Man Collection
425164,Dragon Ball Z (Movie) Collection
177675,The Last Exorcism Collection
225543,Gasland Collection
210006,Machete Collection
360342,Tarzan (Lex Barker series)
278920,Vampires Suck Collection
220872,Men in the City Collection
290933,Superman / Batman (Animated) Collection
89959,Mr. Moto Collection
306926,Monsters Collection
295777,Korengal Valley Documentaries
163902,RED Collection
11118,The Olsen Gang Collection
166844,Sammy's Adventure Collection
324371,The Riffs Trilogy
167716,The Bill Douglas Trilogy
463959,Tangled Collection
129293,The Dick Proenneke Collection
395556,The August Underground Collection
412736,Rare Exports Collection
201548,The One-Armed Swordsman Collection
461937,"Sarah, Plain and Tall Collection"
322330,Garfield Holiday Celebrations
441682,Klovn
395466,Tere Bin Laden Collection
188202,"Pane, amore e… - Collezione"
385528,Outrage Collection
53043,The Magick Lantern Cycle
309300,The Trip Collection
219691,I Spit on Your Grave Collection
461755,Napapiirin sankarit
280504,Mechanic Collection
228446,Insidious Collection
56005,Dead Space Collection
473983,Hababam Sınıfı Collection
124426,New Kids Collection
154002,Easy Money Collection
432151,Daffy Duck Movie Collection
229932,Rio Collection
131296,Thor Collection
166381,Atlas Shrugged Collection
150967,Benvenuti al... Collection
146532,The Storm Riders Collection
264914,Eye of the Dolphin Collection
171732,Mothra Collection
148320,Vääpeli Körmy - Collection
281097,Philo Vance Collection
148315,Pekko aikamiespoika Collection
120927,McDull Collection
280588,Horrible Bosses Collection
142021,Dhamaal Collection
118474,Truth in 24 Collection
131295,Captain America Collection
134897,The Smurfs (Theatrical) Collection
241729,Alpha and Omega Collection
433061,Fred Collection
173710,Planet of the Apes (Reboot) Collection
99321,Gantz Collection
230161,Fright Night (Reboot) Collection
86553,Cold Prey Collection
473843,Stake Land Collection
225961,Birdemic Collection
260601,The Worricker Collection
279959,The Inbetweeners Collection
386549,"Fat, Sick & Nearly Dead"
419784,Masti Collection
259085,Ironclad Collection
86311,The Avengers Collection
177062,Blondie Collection
168545,Sometimes They Come Back Collection
165131,Dreileben
286951,Singham Collection
114915,Xtro Collection
129748,The Gruffalo Collection
394204,The Snowman Collection
370374,Sharktopus Collection
131635,The Hunger Games Collection
458697,Macon County Collection
104202,Mr. Bones Collection
91657,Disney Buddies Collection
294187,Born To Race Collection
288491,Dolphin Tale Collection
288235,Cat Run Collection
317299,Puss 'n Boots Collection
107465,Six Degrees of Celebration Collection
135466,Grave Encounters Collection
222639,Detective Dee Collection
315560,The Woman in Black Collection
215452,Kokowääh Filmreihe
294226,The Dead Collection
476961,Goon Collection
212562,Jump Street Collection
393126,Letters to Santa Collection
96666,Eden of the East Collection
114431,The Incredible Hulk (TV Movie) Collection
312977,Iron Sky Collection
257960,The Raid Collection
413946,Gamma One Collection
84785,La trilogie de la mort – Nacho Cerda
142015,Housefull Collection
306937,Best Exotic Marigold Hotel Collection
86414,Boston Blackie Series
253537,Spud Collection
239430,Think Like a Man Collection
141649,Three Steps Above Heaven Collection
174995,Boys Love Collection
70764,Largo Winch Collection
393379,The Huntsman Collection
135416,Prometheus Collection
292068,The Pact Collection
466004,A Few Best Men Collection
386410,Dragon Ball Collection
266672,Ted Collection
328247,Magic Mike Collection
125574,The Amazing Spider-Man Collection
198697,Immaturi Collection
425189,Dragon Ball Z OVA Collection
103291,Subspecies Collection
187734,La Classe Américaine & Cie
224011,Dick Tracy 1940s Collection
297299,Bullit & Riper Collection
306031,Pitch Perfect Collection
123640,Les Mystères de l'ouest (Collection)
48655,Deathstalker Collection
259363,Manuale d'amore - Collezione
207621,V/H/S Collection
23497,Bleach (Collection)
467577,Evil Bong Collection
357173,Sinister Collection
185103,Hotel Transylvania Collection
165778,We Are From The Future Collection
48194,Ator Collection
385717,Thermae Romae Collection
244500,Gangs of Wasseypur Collection
161373,Tai Chi Collection
324475,Mann Filmreihe
404825,Wreck-It Ralph Collection
334356,The Man with the Iron Fists Collection
248534,Batman: The Dark Knight Returns Collection
205459,Fearless Hyena Collection
261286,Bad Ass Collection
239595,Nativity Collection
93287,Seventh Company Collection
300431,Lucky Stars Collection
184977,Shaolin Temple Collection
121938,The Hobbit Collection
283733,The Three Brothers Collection
260586,Le Cœur des Hommes
327871,Count Yorga Collection
403374,Jack Reacher Collection
119237,Legends of the Poisonous Seductress
391739,Cirque du Soleil Collection
206559,StreetDance Collection
247028,Rurouni Kenshin Live-Action Collection
133891,Confessions Collection
19262,Trapped in the Closet
256433,Dabangg Collection
251937,A Haunted House Collection
415931,The Bowery Boys
456733,The 1997 Trilogy
91813,Angelique Collection
133352,Resident Evil: Biohazard
207632,The ABCs of Death Collection
445332,Takashi Miike's Black Society Trilogy
135014,Åsa-Nisse Collection
456576,Journey to the West Collection
188534,Fantômas Serial
464577,The Croods Collection
205145,Gor Collection
386534,... Has Fallen Collection
44724,Don Collection
286936,Cyborg 009 Collection
256287,Justice League (Animated) Collection
385639,The Sentimental Swordsman Collection
385712,The South Shaolin Master Collection
456,Sissi Collection
197476,Captain America 1979 Classic Collection
476071,The Devil's Carnival Collection
382685,Now You See Me Collection
65906,Mods Collection
209131,Man of Steel Collection
256322,The Purge Collection
363369,Pacific Rim Collection
386162,LEGO DC Comics Super Heroes Collection
416468,World War Z Collection
362878,Yamla Pagla Deewana
286023,Sharknado Collection
313086,The Conjuring Collection
47400,Nick Carter Collection
343297,My Little Pony: Equestria Girls Collection
297923,We're the Millers Collection
270252,Planes Collection
480071,"Maria, ihm schmeckt's nicht!"
416305,Killjoy
243811,Paradise Trilogy
398758,Action Pack Bandit Films Collection
161314,The Angel Collection
90031,Inner Sanctum mysteries
259256,Race Collection
23456,One Piece Collection
279445,China O'Brien Collection
386382,Frozen Collection
160677,"Ninja, Band of Assassins Collection"
418219,Carmina - Colección
354164,Lamù Collection
23453,Tengen Toppa Gurren Lagann Collection
340633,Eberhofer Krimi Collection
344555,"F*ck You, Goethe Collection"
393744,Горько! (Коллекция)
44976,Dhoom Series
478545,American Addict Collection
283775,Zanna Bianca Collection
113589,The Hire
376650,Ride Along Collection
283579,Divergent Collection
293981,Flowers in the Attic Collection
408196,Teen Beach Collection
325470,The Lego Movie Collection
258664,Nymphomaniac Collection
252338,The Four Collection
397341,Don't Go Breaking My Heart Collection
59007,Bionicle Collection
358930,Contracted Collection
319850,Department Q series
403001,Meu Passado me Condena
455278,My Mom is a Character Collection
388180,Ocho apellidos - Colección
393326,Torchy Blane
121067,Bloodfist Collection
464308,The Nut Job Collection
455123,Belle et Sébastien
160792,Prudence et Bélisaire Beresford Collection
334996,Son of Batman Collection
409343,God's Not Dead Collection
458095,Super Giant Collection
237444,A Golden Christmas Collection
400700,Neighbors Collection
246207,Gunbuster Collection
284433,Guardians of the Galaxy Collection
239011,Detective Collection
417481,Father and Guns Collection
401562,Teenage Mutant Ninja Turtles (Remake) Collection
347469,Antboy Collection
402457,The Durango Kid
109079,Saint Seiya Collection
295130,The Maze Runner Collection
112860,Kati Collection
402074,Annabelle Collection
312744,Madicken
404609,John Wick Collection
446782,The Disappearance Of Eleanor Rigby
206449,Jungledyret Hugo Collection
426103,Ouija Collection
473185,Dead in Tombstone Collection
404136,Hopalong Cassidy films
315595,Tinker Bell Collection
255478,Cowgirls n' Angels Collection
382238,Cyborg Cop Trilogy
33381,The Whistler collection
313234,Warriors of the Rainbow: The Seediq Bale Saga
331841,Babysitting
98462,Fu Manchu Collection
9500,Werner Collection
351228,Ski School Collection
132877,Painted Skin Collection
282971,Aashiqui Collection
147220,Valami Amerika gyűjtemény
17149,20th Century Boys Collection
417064,If You Are the One (Collection)
392206,The Monkey King Collection
389544,Les Tuche
192486,The Doctor Series
452675,Cleopatra Jones
160401,Ninjas vs. Collection
330524,Six Swedes Collection
473730,Ringo Collection
153636,Flower and Snake Collection
188138,Il Maresciallo Giraldi Collection
391860,Kingsman Collection
296358,Anche gli angeli - Collezione
201260,Trilogy Marseillaise
441061,L'allenatore nel pallone - Collezione
69788,Sharpe Collection
279715,Beck Collection
24717,Johan Falk GSI Collection
326795,Freche Mädchen Filmreihe
444665,I due carabinieri Collecion
205029,The Reef Collection
428046,Viy Collection
464784,The Water of the Hills
180019,V: The Collection
285879,Seed Collection
389867,Shark.Attack
415799,East Side Kids
385650,The Spiritual Boxer Collection
456580,No Good Middle-Aged Yakuza Trilogy
98180,Jungle Jim Collection
9309,Winnetou Collection
413663,Charlie Chan (Roland Winters) Collection
155093,Tom Thorne Collection
175763,TekWar Collection
394258,The Amazing Colossal Man Duology
384040,The Six Million Dollar Man Collection
199629,Hercules TV Movies
172000,Vi hade i alla fall tur med vädret Collection
469648,Santas Paw
354066,The Nancy Drew Collection (Bonita Granville)
326849,Mostly Ghostly Collection
468551,Justice League Collection
422834,Ant-Man Collection
448150,Deadpool Collection
251117,Kenny Rogers Legend Of The Gambler
458813,Salt and Pepper Collection
421605,Heidi (Praesens-Film) Filmreihe
2643,Aces Go Places Collection
397848,Magic Kid Collection
435805,The Man from U.N.C.L.E. Collection
379897,Hayride Collection
435108,Whistling Collection
374930,Snow Queen Collection
395433,Lone Wolf film series
282117,Skeleton Key Collection
122938,Ring of Fire Collection
360344,Tarzan (Gordon Scott series)
336557,The Ouija Experiment Collection
223926,"Impy, the small dinosaur Collection"
188133,Les Charlots - Saga
114993,Unstable Fables Collection
376527,Richard the Lionheart Collection
270156,The Sweeney Collection
324458,The Mark Collection
218104,Snake Eater Collection
360112,He Who Dares Collection
452146,Old Way Collection
277798,Isi/Disi Collection
344830,Fifty Shades Collection
87252,Halloweentown Collection
173738,Fanthagirò Collection
122778,Wodehouse P.G. Collection
168949,The Encounter Collection
297501,Dixie Zombi - Colección
333154,Sunes samtliga Resor
343733,Lotta
369004,Borsalino Collection
479549,Joséphine - Saga
103001,Fantomas Collection
279244,Family Guy Presents Collection
393290,Sartana Collection
181502,Screwballs Collection
260520,Kathleen Madigan Collection
314023,Hercules (Lou Ferrigno) Collection
445118,Mark Collection
147207,Glass Tiger collection
104769,Lilla Jönsonligan Collection
47629,Mr. Boogedy Collection
441179,Chaar Sahibzaade Collection
353792,Garage Sale Mystery Collection
139394,Tomie Collection
479319,George Carlin Comedy Collection
352020,ДухLess (Коллекция)
196753,Ghost in the Shell: Arise
122661,Mardock Scramble Collection
148065,Doraemon Collection
133887,Apocalypse Collection
141252,Cardcaptor Sakura Collection
304025,Gwendolyn Shepherd Collection
115840,Would I Lie to You? Collection
118415,Berserk: Golden Age Arc
301508,Sadako 3D Collection
23240,The Garden of Sinners
427944,The Happy Hooker Collection
167552,Lemon Popsicle Collection
396839,Robotech (Samling)
412300,Fontaine Khaled Collection
382113,Spiders - Collection
470274,Killer Crocodile Collection
68589,The Wixxer Trilogy
333000,Santa's Apprentice
259411,Sex Up Filmreihe
9088,The Little Polar Bear Collection
165679,Girl's on Top Collection
94050,Lucky Luke (Animation) Collection
1617,Erkan & Stefan Filmreihe
165855,Kleines Arschloch Collection
215606,Seven Dwarfs Collection
133297,Ants in the Pants Collection
407273,Dead Rising Collection
122776,Kvartet I Collection
287684,Schule Collection
86346,Sabrina the Teenage Witch Collection
478328,The Houses October Built Collection
351231,Hardbodies Collection
265865,Space Dogs
442338,"Rico, Oskar 1, 2 & 3"
473847,The War of Flower Collection
272416,Lauras Stern
315609,Mörderischer Norden
44722,Munna Bhai Collection
147765,The Dog Who Saved Christmas Collection
356688,Batman Unlimited Collection
227140,Black Emanuelle Collection
123289,Unoffical Ghosthouse Series
411859,Barbie Fairytopia Collection
422361,Barbie A Mermaid Tale Collection
447622,Barbie Mariposa Collection
142022,Hera Pheri Collection
318037,Martial Law Collection
460334,Bulldog Drummond (Richard Johnson) Collection
20970,Sarkar Collection
256953,The Comics Collection
188197,Cetto La Qualunque - Collezione
146042,Oskar Luts Collection
151149,My Sisters Kids Collection
341455,Tanu Weds Manu Collection
460357,Ada Apa Dengan Cinta? Collection
456778,Max (Collection)
435259,Fantastic Beasts Collection
394316,Johnny Tsunami Collection
321148,Zenon Collection
427084,The Secret Life of Pets Collection
443996,Ghost in the Shell: Stand Alone Complex
363092,Mythica Collection
333398,Cabin By The Lake Collection
298778,1920 Collection
205672,Encounters of the Spooky Kind Collection
468039,The Sally Lochhart Mysteries Collection
21624,Golmaal Collection
256477,Saheb Biwi Aur Gangster Collection
213697,Sex is Zero Collection
264317,Bhoothnath Collection
446015,Golgo 13 Collection
445049,Il medico della mutua Collection
438282,Cross Collection
436483,Bad Kids Collection
444377,Il tassinaro
123203,Hellboy (Animated) Collection
148614,Kim Possible Collection
179042,Anja & Viktor Collection
93788,Prep & Landing Collection
141748,Robot Chicken: Star Wars Collection
425881,Thunder in Paradise Collection
138968,The Gingerdead Man Collection
189157,Love in a... Collection
23616,Naruto Collection
106784,Love in the City Collection
449530,Mystery Woman
343477,Kusswechsel Filmreihe
298187,Lezioni di Cioccolato Collection
362554,Ex Collection
294918,Paranormal Investigations Collection
473502,NASU Collection
256746,Vampire Boys Collection
220441,Art of the Devil Collection
289763,Long Arm of the Law Collection
350309,Bahubali Collection
401270,Lee Rock Collection
439596,Lavalantula Collection
363066,Erotic Ghost Story Collection
212123,Tiny Times Collection
41658,Fantozzi Collection
41083,Scuola di ladri - Collezione
376567,I pompieri - Collezione
464374,Ur kärlekens språk
466463,Descendants Collection
224026,Monster High Collection
143302,Mobile Suit Gundam Collection
192974,White Crane Chronicles
258506,Short Peace
319644,Black Scorpion Collection
322650,Detonator Collection
107546,Puff Collection
464125,Dragon Nest Collection
361007,Calcutta Trilogy
212166,Puella Magi Madoka Magica: The Movie
463394,Always: Sunset on Third Street Collection
370411,Attack on Titan Collection
263101,Sailor Moon Collection
93446,The Adventures of Erast Fandorin
393328,Library Wars Collection
427397,The Angrez Collection
285249,Hard Time Collection
389978,"Hard Revenge, Milly Collection"
426761,Hentai Kamen Collection
114488,Moskva-Kassiopeya Collection
134635,Santa Baby Collection
448758,Burnout Collection
390774,The Krays Collection
267308,Hot Wheels: AcceleRacers - Collection
374663,Mrs. Miracle Collection
32153,Fallen Collection
295274,The Crossing Collection
134633,Snow Collection
263106,Twitches Collection
437608,Papa ou Maman Collection
479692,Robert
59009,08/15 Collection
47630,The Falcon Series
330075,Little Witch Academia Collection
147669,Das Sams Collection
468552,Wonder Woman Collection
320064,El pico - Colección
338313,Argo Collection
164072,Baby Burlesks
386491,The Adventures of Mickey Matson Collection
437584,The Falls Collection
437439,Phobia Collection
281882,Public Enemy Series
385719,The Underdog Knight Collection
305360,Lucky Luke (Terence Hill) Collection
324703,Overheard Collection
404302,Cold War Collection
185627,Umizaru Collection
334414,Ostwind Filmreihe
385709,Tales From The Dark Collection
201545,Chinese Boxer Collection
442195,All Hallow's Eve Collection
456734,The Prostitute Trilogy
471435,Wolf Warriors Collection
334486,Detective K Collection
416491,Major Korenev Trilogy
120447,Naval Cadets Collection
120417,The Elusive Revengers Collection
441461,Regalo di Natale - Collezione
215293,The Under-Gifted Collection
415699,Devasuram Collection
198921,Алиса в стране чудес (Коллекция)
195071,Adventures of Mowgli
115164,Hornblower Collection
128123,Dark Rising Collection
380170,Flying Guillotine Collection
155408,Young And Dangerous Collection
131989,Recep İvedik Serisi
295852,Extralarge Collection
129453,Eating Out Series
416942,Madeline
312882,Pierino - Serie ufficiale
400412,Northpole
413935,Wizards of Waverly Place Collection
315944,Wallander (Rolf Lassgård)
192175,Fight Back to School Collection
385386,Parasyte Collection
473971,Daddy's Home Collection
364344,"Murder, She Baked Collection"
451539,The Bridge
154752,Legend of the Galactic Heroes Collection
397598,Arabian Nights
98448,Thou Shalt Laugh Collection
140059,We Were Here
385863,F.C. De Kampioenen Collectie
245321,K3 Collectie
183680,OSS 117 The Original Saga
425280,Slime City Collection
425880,The Cheetah Girls Collection
382402,Assassination Classroom Collection
297142,White Collar Hooligan Collection
216435,All for ...
311102,Klassefesten (Samling)
203029,Witchcraft Collection
337957,ABCD Collection
444485,Death Note Relight
219363,Prostokvashino Collection
107467,Самый лучший фильм - Коллекция
20725,Raaz Collection
377491,Les Profs
402380,Pitbull - Kolekcja
153629,Flower & Snake Collection
362722,Fimfárum (kolekce)
401655,Welcome Collection
467457,Race Gurram collection
228335,Rakht Charitra
257071,All Stars Collectie
100415,Thumbs! Collection
427113,Little Bear
256548,Father of Four Collection
401261,Hate Story Collection
133676,Knerten Collection
380160,Die Kirche bleibt im Dorf Collection
245198,Feluda Collection
429409,Force Collection
466894,Teen Titans Collection
469613,Los Leguineche - Colección
385250,Black Magic Collection
265709,00 Schneider Filmreihe
232403,Otto Collection
97462,Macross Frontier Collection
117354,Shin Chan Collection
474013,Kolpaçino Serisi
463398,Black & White Collection
360346,Tarzan (Mike Henry series)
122489,Billa Collection
188577,Tognazzi & Vianello Collection
199141,Tenchi Muyô Collection
182371,Armitage III Collection
145553,Slayers - Movie Collection
207415,Fatal Fury Collection
201689,Karas The Collection
134063,Animation Runner Kuromi (OAV collection)
452942,Megazone 23 Collection
166018,M.D. Geist Collection
139450,Memories Collection
473840,Little Forest Collection
343944,Singam Collection
284346,Nana Collection
214702,Mi Nismo Anđeli Collection
277630,CyberTracker Collection
480160,All of My Heart Collection
401119,Flower Shop Mystery Collection
345865,Emmanuelle 2000 Collections (USA)
180142,Kenji Misumi's Trilogy of the Sword
324909,LasseMaja: Samling
87251,The Good Witch Collection
257378,Fast Getaway Collection
446792,The Bremen Town Musicians (Collection)
96660,Circuitry Man Collection
112369,Kung Fu Mahjong Collection
206786,Goopy Bagha Trilogy
442237,Mikogami Trilogy / Wanderer Jôkichi
293196,Big Man Collection
342577,Till Luck Do Us Part Collection
374436,Waldemar Daninsky Collection
351667,Un éléphant ça trompe énormément
459434,Sherlock Holmes: The Golden Years Collection
39199,Detective Conan Collection
245326,The Fjällbacka Murders
478244,Spirits' Homecoming Collection
106368,Quando le donne avevano la coda
444275,Eccezzziunale... veramente Collections
376128,Beck - Historien om ett brott
374202,Kizumonogatari
102940,Break Blade Collection
198987,Winnie-the-Pooh (Russian)
238448,Les Ripoux - Trilogie
415695,Nadodikkattu Collection
201932,The Nigger Charley Collection
243738,The Work and the Glory Collection
477208,DC Super Hero Girls Collection
160952,Caméra Café
163798,Gumball 3000 Collection
256374,Zero Woman Collection
424842,Maigret (Rowan Atkinson) Collection
418326,"Signed, Sealed, Delivered"
414000,Omae Umasou Da na
472917,In the Vineyard Collection
347544,식객 시리즈
364342,Gourmet Detective Collection
413731,Nitro Collection
425435,Flatland Collection
427627,Outlaw Gangster VIP: The Complete Collection
258372,Ivan Tsarevich & the Grey Wolf Collection
122123,Three Heroes Collection
158814,Karlson Collection
429826,The Hobgoblin Collection
474015,Mandıra Filozofu Serisi
466388,Düğün Dernek Collection
479971,Sağ Salim Serisi
429232,Vai Que Dá Certo
273099,Olsen Banden (Samling)
180498,Krummerne (Samling)
123751,Blood Island (Hammer series)
367092,Tada's Do-It-All Collection
98077,Der Bockerer Collection
119240,The Joys of Torture Series
114374,Fist of the North Star: The Legends of the True Savior
403161,Miles Jupp Standup Collection
132203,Alan Davies Collection
129626,The Pub Landlord Collection
129407,John Pinette Collection
473845,Midnight Diner Collection
429231,Tainá
474022,Şevkat Yerimdar Serisi
433140,Zipi y Zape - Colección
397382,Epoch Collection
363918,Aurélie Laflamme Collection
197065,DMB Collection
106011,Shadow Boxing Collection
259308,I soliti idioti Collection
288882,Bloodfight
473977,Çalgı Çengi Collection
131992,Eyyvah Eyvah Collection
206857,Romantik Komedi [Seri]
431791,Classmates Collection
440769,Minions: 3 Mini-Movie Collection
162782,Mommies Collection
298162,"All inclusive, или все включено (Коллекция)"
415054,Облако-рай (Коллекция)
297252,Not Quite Human Collection
112406,The Aum Shinrikyo Collection
315054,Dark World Collection
106790,Hooked Collection
107478,Lovey-Dovey Collection
170416,God of Gamblers Collection
478947,Psy Collection
137804,Никто не знает про секс - Коллекция
122780,Параграф 78 - Дилогия
403603,La Tour Infernale
349336,Macskafogó gyűjtemény
114916,Сказки Чуковского
304809,Schoolgirl Report Collection
329220,Adventures of a ...
285428,The Cutlass Collection
267551,Aniskin Collection
142686,Зимняя Вишня (трилогия)
284700,Ivan Brovkin Collection
315091,Что Творят мужчины! (Коллекция)
474012,Kocan Kadar Konuş Serisi
463112,Hailey Dean Mystery Collection
104774,Tomtar och Trolltyg Collection
400500,Чебурашка и крокодил Гена
148603,Ducobu Collection
152918,Mister Blot Collection
200641,Red Lotus Collection
